mean_fit_time,std_fit_time,mean_score_time,std_score_time,param_subsample,param_min_split_loss,param_min_child_weight,param_max_depth,param_colsample_bytree,params,split0_test_score,split1_test_score,split2_test_score,split3_test_score,split4_test_score,mean_test_score,std_test_score,rank_test_score
2.4786845207214356,0.015903641939637364,0.015504169464111327,0.000300771908411325,0.7,0.5,4,8,0.6,"{'subsample': 0.7, 'min_split_loss': 0.5, 'min_child_weight': 4, 'max_depth': 8, 'colsample_bytree': 0.6}",0.7717309936764092,0.7868953689935244,0.7787898250237968,0.7966336992375948,0.7857554079703308,0.7839610589803312,0.00835154874993695,106
3.6052010536193846,0.05075194637874935,0.019506454467773438,0.0017995690250173567,0.6,0.1,4,10,0.7,"{'subsample': 0.6, 'min_split_loss': 0.1, 'min_child_weight': 4, 'max_depth': 10, 'colsample_bytree': 0.7}",0.7539342418290976,0.7775232491733395,0.7530219591446865,0.778438247977699,0.7981721507294353,0.7722179697708516,0.01698963737781279,145
4.322992610931396,0.08776324978612544,0.018179988861083983,0.0002674377494637848,0.8,0.1,2,10,0.8,"{'subsample': 0.8, 'min_split_loss': 0.1, 'min_child_weight': 2, 'max_depth': 10, 'colsample_bytree': 0.8}",0.7795705352238621,0.7934441447797551,0.7812799627343976,0.8062619586204789,0.8187991255761133,0.7958711453869214,0.014954357960442038,45
7.243395614624023,0.13244900550563363,0.02540426254272461,0.001673128259164427,0.7,0.01,4,14,1,"{'subsample': 0.7, 'min_split_loss': 0.01, 'min_child_weight': 4, 'max_depth': 14, 'colsample_bytree': 1}",0.7808478981552536,0.7995828253966211,0.7821892443220156,0.8001141333588224,0.8178993302098359,0.7961266862885097,0.013635148040181603,43
6.8166100025177006,0.09804054851484048,0.02610020637512207,0.000650750999257021,0.6,0.01,6,14,1,"{'subsample': 0.6, 'min_split_loss': 0.01, 'min_child_weight': 6, 'max_depth': 14, 'colsample_bytree': 1}",0.7503698974131191,0.7851682330335947,0.7778857384848357,0.7922045961585323,0.7921143837790326,0.7795485697738228,0.01551654104010395,122
3.896034002304077,0.07485841761961771,0.015660572052001952,0.0004510143887416904,0.9,0.75,2,8,0.9,"{'subsample': 0.9, 'min_split_loss': 0.75, 'min_child_weight': 2, 'max_depth': 8, 'colsample_bytree': 0.9}",0.7743009386751981,0.7941877917860896,0.7804872633386059,0.7945607320651545,0.8129492052791902,0.7912971862288477,0.013368194527815217,70
7.466162395477295,0.14882302962657448,0.031017065048217773,0.003259886743574275,0.7,0.01,1,14,0.9,"{'subsample': 0.7, 'min_split_loss': 0.01, 'min_child_weight': 1, 'max_depth': 14, 'colsample_bytree': 0.9}",0.7638142252170691,0.765005207505797,0.7719888404858661,0.7948904575905142,0.8009667448743532,0.7793330951347199,0.015557044008508243,123
2.203596353530884,0.018919615169070148,0.012752008438110352,0.00014904417826506274,0.6,0.01,1,6,0.7,"{'subsample': 0.6, 'min_split_loss': 0.01, 'min_child_weight': 1, 'max_depth': 6, 'colsample_bytree': 0.7}",0.7445998161789393,0.7708794897790002,0.7534193017183817,0.7796789027702588,0.7691490397878689,0.7635453100468897,0.012703956675665585,159
3.4680864334106447,0.03945999413153068,0.016082954406738282,0.0005179114808587898,0.8,0.75,5,8,0.8,"{'subsample': 0.8, 'min_split_loss': 0.75, 'min_child_weight': 5, 'max_depth': 8, 'colsample_bytree': 0.8}",0.7711927270446859,0.7943535175437701,0.7782772272724969,0.8039730746949555,0.8074615359452773,0.7910516165002373,0.0141754195643124,72
1.6129585742950439,0.07716108909851678,0.010194683074951172,0.001469036807517815,0.9,0.5,5,3,1,"{'subsample': 0.9, 'min_split_loss': 0.5, 'min_child_weight': 5, 'max_depth': 3, 'colsample_bytree': 1}",0.71988147841667,0.7438719900288064,0.7198124539291193,0.752832769297202,0.7497324350309545,0.7372262253405506,0.014479056350508205,163
6.627653789520264,0.039022466051729945,0.01790447235107422,0.00048314778616066685,0.7,0.75,2,14,0.8,"{'subsample': 0.7, 'min_split_loss': 0.75, 'min_child_weight': 2, 'max_depth': 14, 'colsample_bytree': 0.8}",0.7630919961670827,0.7822384356300055,0.7823437139403894,0.8039197335807542,0.7898739741343361,0.7842935706905136,0.013220132042650807,103
5.092423152923584,0.050889944671519874,0.01933259963989258,0.0008050580628782126,0.7,0.75,3,14,0.6,"{'subsample': 0.7, 'min_split_loss': 0.75, 'min_child_weight': 3, 'max_depth': 14, 'colsample_bytree': 0.6}",0.7779531439890481,0.778582990615308,0.7749042310743351,0.7997996295795903,0.7994432702429646,0.7861366531002492,0.01108095599608258,91
2.8621806621551515,0.0963632274781439,0.016077375411987303,0.0008694656195704839,0.9,0.75,3,8,0.6,"{'subsample': 0.9, 'min_split_loss': 0.75, 'min_child_weight': 3, 'max_depth': 8, 'colsample_bytree': 0.6}",0.7743860141765255,0.7829544943395381,0.7770882994993652,0.8016650412724703,0.7997312857174963,0.787165027001079,0.011408185335155497,84
1.0514328956604004,0.02818532192426461,0.008785343170166016,0.00025749739005623403,1,0.01,6,3,0.6,"{'subsample': 1, 'min_split_loss': 0.01, 'min_child_weight': 6, 'max_depth': 3, 'colsample_bytree': 0.6}",0.7089736670130846,0.7468231042951861,0.7113244980435037,0.7527550949783287,0.7558214227579423,0.7351395574176092,0.02062213790470371,169
4.559723043441773,0.06434920405114772,0.018865203857421874,0.0005271679796195167,1,0.1,5,10,0.8,"{'subsample': 1, 'min_split_loss': 0.1, 'min_child_weight': 5, 'max_depth': 10, 'colsample_bytree': 0.8}",0.7821141845136486,0.7964362409003524,0.7854221183702772,0.8042771317106877,0.8179790803403456,0.7972457511670623,0.01302865426457252,35
6.8055455684661865,0.2008851664527362,0.011243677139282227,0.0011794723074417541,1,0.75,1,14,0.9,"{'subsample': 1, 'min_split_loss': 0.75, 'min_child_weight': 1, 'max_depth': 14, 'colsample_bytree': 0.9}",0.7694664670115111,0.7899308532529791,0.79136752399497,0.8066555920622054,0.8193275091421984,0.7953495890927729,0.016839963790101012,50
5.617049646377564,0.05222511765306498,0.015506172180175781,0.0006709624197369976,1,0.1,2,14,0.7,"{'subsample': 1, 'min_split_loss': 0.1, 'min_child_weight': 2, 'max_depth': 14, 'colsample_bytree': 0.7}",0.7839660870655584,0.811634424024521,0.7901392093385631,0.8076279561471528,0.8209154197200444,0.802856619259168,0.0137442388507298,10
3.1836737632751464,0.021499187003718414,0.01552410125732422,0.00041485039392592506,1,0.75,3,8,0.7,"{'subsample': 1, 'min_split_loss': 0.75, 'min_child_weight': 3, 'max_depth': 8, 'colsample_bytree': 0.7}",0.7693901464604873,0.7990654377723303,0.7912045565871536,0.8166236224994603,0.8172591000395363,0.7987085726717935,0.017782456531961376,25
3.5122668743133545,0.07959277057349601,0.02021927833557129,0.0006939096197260831,0.7,0.01,6,10,0.6,"{'subsample': 0.7, 'min_split_loss': 0.01, 'min_child_weight': 6, 'max_depth': 10, 'colsample_bytree': 0.6}",0.7787557269263142,0.7751424947347823,0.7803024466217131,0.7975247095567845,0.7943619580995785,0.7852174671878346,0.008972251813960153,96
3.0737163543701174,0.03657316436784541,0.012945556640625,0.00011329600706535246,0.6,0.5,4,6,1,"{'subsample': 0.6, 'min_split_loss': 0.5, 'min_child_weight': 4, 'max_depth': 6, 'colsample_bytree': 1}",0.7587993845960268,0.7611292179523139,0.7591603319226303,0.7872491933696419,0.7792517346221303,0.7691179724925485,0.011839614574764987,153
4.415968036651611,0.08272818882338788,0.01715683937072754,0.0011295379254752556,1,0.01,2,8,1,"{'subsample': 1, 'min_split_loss': 0.01, 'min_child_weight': 2, 'max_depth': 8, 'colsample_bytree': 1}",0.7942296368923051,0.8014701933487146,0.788812522367528,0.813529610513017,0.8090786057708339,0.8014241137784797,0.009120845988834508,12
4.234418725967407,0.04269507807369078,0.021152973175048828,0.00044631494413723227,0.9,0.01,2,10,0.7,"{'subsample': 0.9, 'min_split_loss': 0.01, 'min_child_weight': 2, 'max_depth': 10, 'colsample_bytree': 0.7}",0.7797273844876027,0.81233923841836,0.7785161779307965,0.8165946266482302,0.8095399161888192,0.7993434687347618,0.016667494251581347,21
5.463478326797485,0.044206528927246636,0.021092653274536133,0.0007925081912787259,0.7,0.5,6,14,0.7,"{'subsample': 0.7, 'min_split_loss': 0.5, 'min_child_weight': 6, 'max_depth': 14, 'colsample_bytree': 0.7}",0.7670353717430564,0.7990731494066876,0.7648201908877634,0.7974014189780437,0.8026164368690052,0.7861893135769111,0.01664372437375083,90
4.199458169937134,0.07780916481921142,0.020685195922851562,0.00015263154478274777,0.9,0.01,3,10,0.7,"{'subsample': 0.9, 'min_split_loss': 0.01, 'min_child_weight': 3, 'max_depth': 10, 'colsample_bytree': 0.7}",0.7771543105409455,0.8059025207103294,0.7802524826400852,0.8156517798450763,0.8097730672265884,0.797746832192605,0.015886075342691177,33
4.434168004989624,0.09443255512868212,0.01734294891357422,0.0020942486189215663,0.8,0.5,3,8,1,"{'subsample': 0.8, 'min_split_loss': 0.5, 'min_child_weight': 3, 'max_depth': 8, 'colsample_bytree': 1}",0.7724497285543737,0.794792676017622,0.790511861574769,0.7993280533418414,0.8070154318639741,0.7928195502705161,0.01155882308474984,66
3.7033645629882814,0.032628440589340384,0.024728679656982423,0.0033560043357379354,0.9,0.01,6,10,0.6,"{'subsample': 0.9, 'min_split_loss': 0.01, 'min_child_weight': 6, 'max_depth': 10, 'colsample_bytree': 0.6}",0.7806678566431676,0.7923267524696631,0.7938852843433496,0.80210586284495,0.8077468253544045,0.7953465163311069,0.009232265725191603,51
6.147344732284546,0.0691445657237598,0.018945074081420897,0.001715720153380813,0.9,0.1,2,14,0.7,"{'subsample': 0.9, 'min_split_loss': 0.1, 'min_child_weight': 2, 'max_depth': 14, 'colsample_bytree': 0.7}",0.7780128181918547,0.8136183219576347,0.7878243777823464,0.8176247300815849,0.8239632024800376,0.8042086900986917,0.017963526686077695,6
2.778959321975708,0.062131519132567675,0.016683435440063475,0.0001390555264500537,0.6,0.1,4,8,0.6,"{'subsample': 0.6, 'min_split_loss': 0.1, 'min_child_weight': 4, 'max_depth': 8, 'colsample_bytree': 0.6}",0.7457491406914207,0.7653304461266879,0.756839447685407,0.7695808923443637,0.7810265317045259,0.7637052917104811,0.011889090278172181,158
3.943076181411743,0.09459301331895727,0.015341997146606445,0.00117262788185331,1,0.5,3,10,0.7,"{'subsample': 1, 'min_split_loss': 0.5, 'min_child_weight': 3, 'max_depth': 10, 'colsample_bytree': 0.7}",0.7705805209609576,0.8192010466730787,0.7942559160613445,0.7983781881548576,0.8284145944591261,0.8021660532618728,0.02026692358911936,11
1.0600926399230957,0.01711221148611604,0.008753395080566407,0.0005482041212489932,0.8,0.01,2,3,0.6,"{'subsample': 0.8, 'min_split_loss': 0.01, 'min_child_weight': 2, 'max_depth': 3, 'colsample_bytree': 0.6}",0.7143482801999819,0.7454914476132559,0.7052105646042897,0.7518734114738647,0.7420989584668083,0.7318045324716401,0.018482568151483483,183
5.5634664535522464,0.06619424926120472,0.018683242797851562,0.0002409866499597228,0.6,0.5,1,10,1,"{'subsample': 0.6, 'min_split_loss': 0.5, 'min_child_weight': 1, 'max_depth': 10, 'colsample_bytree': 1}",0.7585234649670112,0.7875212012373763,0.7683157723898756,0.794954680048056,0.7967477907688718,0.7812125818822381,0.015173070729377576,116
6.408793306350708,0.11757875778182368,0.022742652893066408,0.0008141481053821001,0.9,0.1,5,14,0.8,"{'subsample': 0.9, 'min_split_loss': 0.1, 'min_child_weight': 5, 'max_depth': 14, 'colsample_bytree': 0.8}",0.7949993346794333,0.8032660626545925,0.7917807751893997,0.8213762721266472,0.8225111140855172,0.8067867117471181,0.012935435525026052,1
5.057414722442627,0.079148139758377,0.019920206069946288,0.0035117173471347473,0.8,0.75,6,10,0.9,"{'subsample': 0.8, 'min_split_loss': 0.75, 'min_child_weight': 6, 'max_depth': 10, 'colsample_bytree': 0.9}",0.7917004373177661,0.7917499561980744,0.7833605157696774,0.806364684673546,0.8194859456831282,0.7985323079284383,0.012831672447316022,27
4.254030323028564,0.05436959126977499,0.02121133804321289,0.000499179123882389,0.8,0.1,4,10,0.7,"{'subsample': 0.8, 'min_split_loss': 0.1, 'min_child_weight': 4, 'max_depth': 10, 'colsample_bytree': 0.7}",0.7810325861678794,0.7897655255322558,0.7938279121815291,0.8089393250057537,0.8030909287573187,0.7953312555289475,0.00982935827620638,52
3.7961045265197755,0.10896083330019075,0.01744999885559082,0.00012767661959920486,0.7,0.75,2,8,0.8,"{'subsample': 0.7, 'min_split_loss': 0.75, 'min_child_weight': 2, 'max_depth': 8, 'colsample_bytree': 0.8}",0.7675960238396627,0.7698458645833088,0.7780386686856584,0.7998655029450704,0.7864757419630724,0.7803643604033546,0.011804419171535444,119
2.4884267330169676,0.04656026167214669,0.01377716064453125,0.00018285213519051945,0.8,0.01,3,6,0.7,"{'subsample': 0.8, 'min_split_loss': 0.01, 'min_child_weight': 3, 'max_depth': 6, 'colsample_bytree': 0.7}",0.7663807923144462,0.779923523053229,0.7804333954187599,0.8019898686525953,0.8057789253546771,0.7869013009587416,0.01480299996270628,85
1.0814939498901368,0.015856039070109188,0.009358072280883789,0.0006693022920351775,0.6,0.5,2,3,0.6,"{'subsample': 0.6, 'min_split_loss': 0.5, 'min_child_weight': 2, 'max_depth': 3, 'colsample_bytree': 0.6}",0.7218792841118506,0.7358357775328364,0.7277273568491105,0.738682551111721,0.7338655285963145,0.7315980996403666,0.006045272957839985,185
3.9005456924438477,0.051784361666421384,0.017570114135742186,0.00018411383532759577,1,0.01,2,8,0.8,"{'subsample': 1, 'min_split_loss': 0.01, 'min_child_weight': 2, 'max_depth': 8, 'colsample_bytree': 0.8}",0.7756563629752704,0.8019957751501843,0.7847962205714325,0.8057374472407404,0.8010402745264728,0.79384521609282,0.011596071215413539,58
4.181424522399903,0.04255198405354663,0.01724419593811035,0.00028799837766175173,0.8,0.5,5,8,0.9,"{'subsample': 0.8, 'min_split_loss': 0.5, 'min_child_weight': 5, 'max_depth': 8, 'colsample_bytree': 0.9}",0.7704313877434075,0.7895223275925849,0.7712217809975743,0.8081153812684834,0.7931538822414967,0.7864889519687093,0.014228541638455624,88
6.610653686523437,0.06461055013525861,0.0234468936920166,0.0007124025754226765,0.9,0.1,6,14,0.8,"{'subsample': 0.9, 'min_split_loss': 0.1, 'min_child_weight': 6, 'max_depth': 14, 'colsample_bytree': 0.8}",0.7891578511479471,0.8105579094564263,0.7899021196748447,0.808085285286765,0.8309152762575799,0.8057236883647126,0.015416302621902923,2
2.7148367404937743,0.07887420354062585,0.013724374771118163,0.0001407522331018359,0.6,0.5,5,6,0.8,"{'subsample': 0.6, 'min_split_loss': 0.5, 'min_child_weight': 5, 'max_depth': 6, 'colsample_bytree': 0.8}",0.7509238026763511,0.7693210052219965,0.7618460736694144,0.7892457290517132,0.7736091083324492,0.768989143790385,0.012721347814981626,154
4.347961378097534,0.05077405683848093,0.01744084358215332,0.000183639108861806,0.8,0.75,1,10,0.7,"{'subsample': 0.8, 'min_split_loss': 0.75, 'min_child_weight': 1, 'max_depth': 10, 'colsample_bytree': 0.7}",0.7803447596046884,0.7908180368520796,0.7735059256082923,0.8106711339236758,0.7941626091720838,0.789900493032164,0.012732014185105375,76
4.3928008556365965,0.03089869774308067,0.022274065017700195,0.0004103274319462016,0.7,0.01,1,10,0.7,"{'subsample': 0.7, 'min_split_loss': 0.01, 'min_child_weight': 1, 'max_depth': 10, 'colsample_bytree': 0.7}",0.7625930067947158,0.7894783864729847,0.7746108362211446,0.7994944947992841,0.7948058516975791,0.7841965151971417,0.0136607553362632,104
2.914028215408325,0.03910491970936855,0.017464733123779295,0.0002803533486028229,0.7,0.1,4,8,0.6,"{'subsample': 0.7, 'min_split_loss': 0.1, 'min_child_weight': 4, 'max_depth': 8, 'colsample_bytree': 0.6}",0.7752834966017385,0.7761268218939762,0.7741647874352562,0.7957591141395384,0.7781019254737557,0.779887229108853,0.008039718870996228,120
5.041092872619629,0.08415780798080504,0.021172475814819337,0.0012155732889143863,1,0.1,5,14,0.6,"{'subsample': 1, 'min_split_loss': 0.1, 'min_child_weight': 5, 'max_depth': 14, 'colsample_bytree': 0.6}",0.7819098584199877,0.808206971648282,0.7758213465222479,0.7960413172783356,0.8152835414285887,0.7954526070594883,0.015000525222344229,48
2.1425950050354006,0.037122288570912064,0.013788604736328125,0.00011601151134487142,0.7,0.75,2,6,0.6,"{'subsample': 0.7, 'min_split_loss': 0.75, 'min_child_weight': 2, 'max_depth': 6, 'colsample_bytree': 0.6}",0.7408231678173884,0.7716632976969564,0.7592906633476753,0.7947670371593143,0.7936873639537606,0.7720463059950189,0.020602448818411483,146
5.5301833152771,0.04483465665147311,0.01999835968017578,0.0001577935788788667,0.6,0.5,5,10,1,"{'subsample': 0.6, 'min_split_loss': 0.5, 'min_child_weight': 5, 'max_depth': 10, 'colsample_bytree': 1}",0.7543567938384631,0.7660792224517755,0.7679471462331651,0.802029370501614,0.7947626933296137,0.7770350452709263,0.01819840020457437,132
1.3762896537780762,0.01122648684091637,0.013791418075561524,0.009987168800505831,1,0.01,3,3,0.8,"{'subsample': 1, 'min_split_loss': 0.01, 'min_child_weight': 3, 'max_depth': 3, 'colsample_bytree': 0.8}",0.7123675200421338,0.7487138052245474,0.7193592342095967,0.7624117782374493,0.7457008484438674,0.7377106372315189,0.018836704222573167,161
4.1240170955657955,0.03145994310431405,0.0174410343170166,0.00015911970947102494,0.7,0.1,5,8,0.9,"{'subsample': 0.7, 'min_split_loss': 0.1, 'min_child_weight': 5, 'max_depth': 8, 'colsample_bytree': 0.9}",0.761902819820277,0.7847844638737762,0.7675295166583136,0.8080632909061588,0.7934332238034024,0.7831426630123856,0.016879159481330924,109
4.848993158340454,0.0914537866817707,0.016613101959228514,0.0004095288554627127,1,0.75,6,14,0.6,"{'subsample': 1, 'min_split_loss': 0.75, 'min_child_weight': 6, 'max_depth': 14, 'colsample_bytree': 0.6}",0.779214541442063,0.8031364913632786,0.7784648335624953,0.8042324980558271,0.812943034919057,0.7955982798685441,0.014101040749936553,47
2.7473257541656495,0.02182403377512754,0.013788318634033203,0.00021294170101053453,0.7,0.5,2,6,0.8,"{'subsample': 0.7, 'min_split_loss': 0.5, 'min_child_weight': 2, 'max_depth': 6, 'colsample_bytree': 0.8}",0.749111028538963,0.7775667988036259,0.765802692050925,0.7995681022207756,0.7911128674764449,0.7766322978181469,0.017951668095901943,133
1.3622389316558838,0.019083004596759406,0.00922079086303711,0.00043691629969413,0.6,0.5,2,3,0.8,"{'subsample': 0.6, 'min_split_loss': 0.5, 'min_child_weight': 2, 'max_depth': 3, 'colsample_bytree': 0.8}",0.7150680656239357,0.7357336734184803,0.7038996960520003,0.7425173234944901,0.7402879312361574,0.7275013379650128,0.015286411599973562,194
1.2551229000091553,0.004637372855942946,0.009091043472290039,0.0001514602208675238,0.9,0.75,2,3,0.7,"{'subsample': 0.9, 'min_split_loss': 0.75, 'min_child_weight': 2, 'max_depth': 3, 'colsample_bytree': 0.7}",0.7052199471619862,0.7423434132939715,0.7169432345443828,0.7419466742370247,0.7400955693762914,0.7293097677227312,0.015356766833794987,190
4.293098831176758,0.06995515669561125,0.017539262771606445,0.0007548383723436862,0.9,0.5,1,8,0.9,"{'subsample': 0.9, 'min_split_loss': 0.5, 'min_child_weight': 1, 'max_depth': 8, 'colsample_bytree': 0.9}",0.7770162314429293,0.7823661429271831,0.7768647460115956,0.8014572668296209,0.8063573136536852,0.788812340173003,0.012579085109327488,77
1.1988585948944093,0.005028896614606178,0.009000110626220702,0.0003240312306026604,0.6,0.75,1,3,0.7,"{'subsample': 0.6, 'min_split_loss': 0.75, 'min_child_weight': 1, 'max_depth': 3, 'colsample_bytree': 0.7}",0.7004865407588484,0.7281316858328711,0.7224354384352824,0.7303820630165601,0.727960709959109,0.7218792876005342,0.011012105089563259,199
7.932414579391479,0.0542639809467801,0.025357532501220702,0.0013842254875261772,0.6,0.1,3,14,1,"{'subsample': 0.6, 'min_split_loss': 0.1, 'min_child_weight': 3, 'max_depth': 14, 'colsample_bytree': 1}",0.7684364627421006,0.7920671432628269,0.764195634883219,0.7943773064514665,0.8043460983763153,0.7846845291431858,0.015612973308545467,101
5.3551877498626705,0.0781528216947723,0.022760438919067382,0.0005236433969093112,0.6,0.01,1,10,0.9,"{'subsample': 0.6, 'min_split_loss': 0.01, 'min_child_weight': 1, 'max_depth': 10, 'colsample_bytree': 0.9}",0.7565672948081121,0.7820334247834293,0.7501855240554538,0.7766279720420012,0.7938446574557507,0.7718517746289494,0.016206212968717618,147
2.5122673511505127,0.044404556779308955,0.013947629928588867,0.00036800253609754323,0.8,0.01,1,6,0.7,"{'subsample': 0.8, 'min_split_loss': 0.01, 'min_child_weight': 1, 'max_depth': 6, 'colsample_bytree': 0.7}",0.7667027981220664,0.7844003120756904,0.768287453613913,0.7876681442854929,0.7886753258965666,0.7791468067987458,0.009631034108481514,124
1.6211259365081787,0.003422895159092778,0.009099674224853516,0.000593469665110035,0.7,0.01,4,3,1,"{'subsample': 0.7, 'min_split_loss': 0.01, 'min_child_weight': 4, 'max_depth': 3, 'colsample_bytree': 1}",0.7132072699444723,0.7410152020843641,0.7242948889750687,0.7476269593652201,0.74757023831583,0.7347429117369911,0.013731902007353112,172
1.6162930965423583,0.026614307589186575,0.009078168869018554,0.0003027499388027082,0.6,0.01,4,3,1,"{'subsample': 0.6, 'min_split_loss': 0.01, 'min_child_weight': 4, 'max_depth': 3, 'colsample_bytree': 1}",0.6984820421094975,0.7422089020014941,0.7392197743251971,0.7332394052359557,0.7344987922884909,0.7295297831921271,0.015856043361335972,189
7.284970903396607,0.09772040636631142,0.020066499710083008,0.0009466355445172255,0.8,0.75,6,14,0.9,"{'subsample': 0.8, 'min_split_loss': 0.75, 'min_child_weight': 6, 'max_depth': 14, 'colsample_bytree': 0.9}",0.7751991837320362,0.797524340918156,0.7770519572551142,0.8104755560819268,0.8309346683963703,0.7982371412767207,0.020971288329025922,30
5.735957193374634,0.01617537665476803,0.02140035629272461,0.00027633026407622305,0.6,0.1,2,10,1,"{'subsample': 0.6, 'min_split_loss': 0.1, 'min_child_weight': 2, 'max_depth': 10, 'colsample_bytree': 1}",0.7580890749369547,0.7803534026397806,0.7678003526139723,0.7931852783445006,0.8031369918414075,0.7805130200753231,0.016351764035665982,118
3.3555299758911135,0.05758630865373635,0.013817119598388671,0.00018168668383701874,0.7,0.01,3,6,1,"{'subsample': 0.7, 'min_split_loss': 0.01, 'min_child_weight': 3, 'max_depth': 6, 'colsample_bytree': 1}",0.7551513310693623,0.7760892253325923,0.7722245353592853,0.8024429791933716,0.7926840967409985,0.7797184335391221,0.016476562647302052,121
5.510973215103149,0.016548720116932415,0.024013233184814454,0.0010316031822644746,0.9,0.01,2,14,0.6,"{'subsample': 0.9, 'min_split_loss': 0.01, 'min_child_weight': 2, 'max_depth': 14, 'colsample_bytree': 0.6}",0.7727388654318652,0.809262726227673,0.7916971012224607,0.7911119433031368,0.8069542395733473,0.7943529751516966,0.013159181090966294,54
4.240888595581055,0.028884422160157037,0.017450809478759766,0.00022797564087830444,0.9,0.01,3,8,0.9,"{'subsample': 0.9, 'min_split_loss': 0.01, 'min_child_weight': 3, 'max_depth': 8, 'colsample_bytree': 0.9}",0.7724641455122445,0.8030724853696307,0.7783997792506033,0.7993721262206044,0.8166512662215677,0.7939919605149302,0.016318144411260036,57
3.2684584140777586,0.03627706557026991,0.017812252044677734,0.00040650075480733373,0.6,0.1,4,8,0.7,"{'subsample': 0.6, 'min_split_loss': 0.1, 'min_child_weight': 4, 'max_depth': 8, 'colsample_bytree': 0.7}",0.7617317513473673,0.7776934858542179,0.7786556668504813,0.7803770276336692,0.7924859296546348,0.778188772268074,0.009802999618979468,128
3.590956449508667,0.023188480658448085,0.01784791946411133,0.000694694768707539,0.6,0.5,5,8,0.8,"{'subsample': 0.6, 'min_split_loss': 0.5, 'min_child_weight': 5, 'max_depth': 8, 'colsample_bytree': 0.8}",0.7727967639555442,0.7865795567478591,0.7609643014582421,0.787066505731051,0.7842990613211678,0.7783412378427729,0.010121215020954949,126
1.0811078071594238,0.0040722576633679,0.008910179138183594,0.00014567800506276463,0.8,0.5,5,3,0.6,"{'subsample': 0.8, 'min_split_loss': 0.5, 'min_child_weight': 5, 'max_depth': 3, 'colsample_bytree': 0.6}",0.703462709565472,0.7389043474582677,0.727092479151628,0.7505824743289226,0.7444329000357324,0.7328949821080045,0.01662534878227604,176
1.6494195938110352,0.013839369867671796,0.008971929550170898,0.0002084903609641523,0.7,0.5,1,3,1,"{'subsample': 0.7, 'min_split_loss': 0.5, 'min_child_weight': 1, 'max_depth': 3, 'colsample_bytree': 1}",0.7140250025978283,0.7475597599848068,0.7302153601138448,0.7485782882862615,0.746855368825881,0.7374467559617244,0.013532017401988344,162
1.537724542617798,0.024619157340745754,0.010560321807861327,0.0030497518756694014,0.8,0.5,4,3,0.9,"{'subsample': 0.8, 'min_split_loss': 0.5, 'min_child_weight': 4, 'max_depth': 3, 'colsample_bytree': 0.9}",0.7056755743019323,0.7472563096433672,0.7260025295567865,0.7415199315134527,0.7457294571706283,0.7332367604372334,0.01570464410491385,174
3.0462498664855957,0.02188166531284435,0.01366887092590332,0.00041466236331094073,1,0.75,4,6,0.9,"{'subsample': 1, 'min_split_loss': 0.75, 'min_child_weight': 4, 'max_depth': 6, 'colsample_bytree': 0.9}",0.752314274867094,0.7919708968803234,0.783703900162695,0.8111465490534651,0.8008424442350293,0.7879956130397214,0.02004188855819117,82
2.7058342933654784,0.032447068132931745,0.013901185989379884,0.00028981024885179317,0.6,0.5,1,6,0.8,"{'subsample': 0.6, 'min_split_loss': 0.5, 'min_child_weight': 1, 'max_depth': 6, 'colsample_bytree': 0.8}",0.7512079316825182,0.778902173012872,0.7497908047723292,0.7826743333842172,0.7893571525047723,0.7703864790713417,0.016585495694820183,149
1.3429449081420899,0.00540603605397195,0.008959054946899414,0.00010185614500473905,0.6,0.75,3,3,0.8,"{'subsample': 0.6, 'min_split_loss': 0.75, 'min_child_weight': 3, 'max_depth': 3, 'colsample_bytree': 0.8}",0.7189848098350429,0.742645828573931,0.7058712932720359,0.7482220178584282,0.7333916076824023,0.7298231114443681,0.015535986436362247,188
4.583149194717407,0.06345241507176201,0.017307424545288087,0.00018016903172540026,1,0.01,4,8,1,"{'subsample': 1, 'min_split_loss': 0.01, 'min_child_weight': 4, 'max_depth': 8, 'colsample_bytree': 1}",0.7866144369717225,0.7992409148450706,0.7854123140270182,0.8070179518207136,0.8145765319041671,0.7985724299137383,0.01134977742740243,26
1.3936650276184082,0.014840586861488182,0.009229707717895507,0.0006331786914772209,0.8,0.75,1,3,0.8,"{'subsample': 0.8, 'min_split_loss': 0.75, 'min_child_weight': 1, 'max_depth': 3, 'colsample_bytree': 0.8}",0.7143146449864028,0.7492790444968682,0.7284254620056878,0.7486551806805971,0.7424318802337775,0.7366212424806667,0.013442873509366364,167
3.3926714420318604,0.046283657885414164,0.01675138473510742,0.00026195497930824594,0.9,0.75,3,8,0.7,"{'subsample': 0.9, 'min_split_loss': 0.75, 'min_child_weight': 3, 'max_depth': 8, 'colsample_bytree': 0.7}",0.770360174379743,0.8105632119316857,0.7819845004223316,0.8157786940191547,0.8058606652493512,0.7969094492004533,0.017608043588304097,38
5.65487151145935,0.06096671363929414,0.024100255966186524,0.0007705888739665178,0.9,0.01,1,14,0.6,"{'subsample': 0.9, 'min_split_loss': 0.01, 'min_child_weight': 1, 'max_depth': 14, 'colsample_bytree': 0.6}",0.7644120641913499,0.7992620557950278,0.7782387707537967,0.7985830634347599,0.8096705675500572,0.7900333043449983,0.016367341321357316,75
4.323627758026123,0.06236559539027965,0.0217313289642334,0.004214168177012187,1,0.1,3,10,0.7,"{'subsample': 1, 'min_split_loss': 0.1, 'min_child_weight': 3, 'max_depth': 10, 'colsample_bytree': 0.7}",0.7745927061388402,0.8156784800256304,0.7914245387020519,0.8100677157304641,0.8225362170505816,0.8028599315295135,0.017511298015548987,9
7.355469799041748,0.10824798427908566,0.025239181518554688,0.0010796059073552111,0.8,0.01,1,14,0.8,"{'subsample': 0.8, 'min_split_loss': 0.01, 'min_child_weight': 1, 'max_depth': 14, 'colsample_bytree': 0.8}",0.7796833219066776,0.7829710667502823,0.7793397024987854,0.8081253306093321,0.7924495555766207,0.7885137954683396,0.010890046877727709,79
1.5156939029693604,0.0038551233031945777,0.008962869644165039,0.00017666607571083402,0.8,0.1,2,3,0.9,"{'subsample': 0.8, 'min_split_loss': 0.1, 'min_child_weight': 2, 'max_depth': 3, 'colsample_bytree': 0.9}",0.7091096621204409,0.750737197249975,0.7338680455866993,0.7506489070890315,0.7408176181940733,0.737036286048044,0.0153443863597213,165
1.3802305221557618,0.042592359341982314,0.008870887756347656,0.00018275809119306177,0.7,0.1,3,3,0.8,"{'subsample': 0.7, 'min_split_loss': 0.1, 'min_child_weight': 3, 'max_depth': 3, 'colsample_bytree': 0.8}",0.7029431819252776,0.7471821909559084,0.7166830399427144,0.7351632558792396,0.7355278588637656,0.7274999055133812,0.01568824138151481,195
5.3382752418518065,0.049794837609298676,0.023949861526489258,0.0005877632994902118,0.6,0.1,1,14,0.6,"{'subsample': 0.6, 'min_split_loss': 0.1, 'min_child_weight': 1, 'max_depth': 14, 'colsample_bytree': 0.6}",0.7470187211758832,0.7787941827399348,0.7467891134765415,0.7897341837555216,0.7750455763120232,0.7674763554919808,0.017477265349378324,156
1.2545985221862792,0.020191844002197593,0.009078598022460938,0.0002594114048374289,0.9,0.01,3,3,0.7,"{'subsample': 0.9, 'min_split_loss': 0.01, 'min_child_weight': 3, 'max_depth': 3, 'colsample_bytree': 0.7}",0.7171837625160488,0.7432632263939314,0.7154209138594627,0.7479602873673258,0.7394256844392766,0.7326507749152091,0.013630856770762112,180
1.669549036026001,0.019832863764910516,0.009285354614257812,0.00020994575292756614,0.9,0.1,6,3,1,"{'subsample': 0.9, 'min_split_loss': 0.1, 'min_child_weight': 6, 'max_depth': 3, 'colsample_bytree': 1}",0.7176229527472635,0.7417382746822048,0.7117116789988137,0.750186364748466,0.742955127197586,0.7328428796748667,0.01523388259432692,177
2.4175901412963867,0.026975609888603893,0.013900566101074218,0.00019056004619075897,0.7,0.75,6,6,0.7,"{'subsample': 0.7, 'min_split_loss': 0.75, 'min_child_weight': 6, 'max_depth': 6, 'colsample_bytree': 0.7}",0.7592459782900658,0.7582411294692715,0.7668053583707155,0.7857627651896743,0.7951593943585169,0.7730429251356488,0.014827600468329946,143
3.3188923358917237,0.024775340390349163,0.013563823699951173,0.0003160591431320603,1,0.75,5,6,1,"{'subsample': 1, 'min_split_loss': 0.75, 'min_child_weight': 5, 'max_depth': 6, 'colsample_bytree': 1}",0.7724434123928837,0.7995804848557668,0.771042718726562,0.8106844864946079,0.8107565538115336,0.7929015312562708,0.01775379430589016,65
3.2355111598968507,0.0331055111475402,0.017599153518676757,0.0003640100472369417,0.6,0.5,4,8,0.7,"{'subsample': 0.6, 'min_split_loss': 0.5, 'min_child_weight': 4, 'max_depth': 8, 'colsample_bytree': 0.7}",0.762820966264305,0.7811094287486428,0.7707463265479478,0.7896064761365449,0.7868050032980772,0.7782176401991034,0.010046779841792777,127
1.229032278060913,0.016907073652226084,0.008879661560058594,0.00018349509211167112,0.7,0.1,5,3,0.7,"{'subsample': 0.7, 'min_split_loss': 0.1, 'min_child_weight': 5, 'max_depth': 3, 'colsample_bytree': 0.7}",0.7164932067385497,0.7404058773980676,0.7181444996332516,0.7313237981302672,0.7364343272111898,0.7285603418222651,0.00963388361341272,191
3.008043956756592,0.019299024013398277,0.013835954666137695,0.0001338106003405027,0.7,0.01,3,6,0.9,"{'subsample': 0.7, 'min_split_loss': 0.01, 'min_child_weight': 3, 'max_depth': 6, 'colsample_bytree': 0.9}",0.7680653310973016,0.7732721607259999,0.7593126621711022,0.800647091633623,0.7861267261271274,0.7774847943510309,0.01447669823020278,129
1.1950720310211183,0.004984329781838063,0.009201765060424805,0.00017068838830722652,0.6,0.01,1,3,0.7,"{'subsample': 0.6, 'min_split_loss': 0.01, 'min_child_weight': 1, 'max_depth': 3, 'colsample_bytree': 0.7}",0.698137891597429,0.7281316858328711,0.706130986409537,0.7317066081000323,0.72509068158505,0.7178395707049838,0.013236676884905969,200
1.5071066856384276,0.014319424535208798,0.009094667434692384,0.00017569798711637442,0.8,0.75,6,3,0.9,"{'subsample': 0.8, 'min_split_loss': 0.75, 'min_child_weight': 6, 'max_depth': 3, 'colsample_bytree': 0.9}",0.7031797025758472,0.7530513822269956,0.7252305749306547,0.740250695073489,0.7398637858204713,0.7323152281254917,0.017023581326052487,181
1.3877137184143067,0.01334430887068309,0.008853769302368164,0.00029832773292076285,0.9,0.01,6,3,0.8,"{'subsample': 0.9, 'min_split_loss': 0.01, 'min_child_weight': 6, 'max_depth': 3, 'colsample_bytree': 0.8}",0.7093923005339405,0.7438600004015506,0.7229803796456209,0.7487486635504335,0.7388128277175157,0.7327588343698122,0.014540800804905506,179
3.289229679107666,0.032239859810071526,0.017851734161376955,0.000266618609415587,0.6,0.5,1,8,0.7,"{'subsample': 0.6, 'min_split_loss': 0.5, 'min_child_weight': 1, 'max_depth': 8, 'colsample_bytree': 0.7}",0.756716602337648,0.7803320488712753,0.7654602577814055,0.7894459301724821,0.7905357375449601,0.7764981153415541,0.01336070618323531,134
5.853358602523803,0.08526267782660697,0.01862201690673828,0.0009660251343363395,1,0.1,3,14,0.7,"{'subsample': 1, 'min_split_loss': 0.1, 'min_child_weight': 3, 'max_depth': 14, 'colsample_bytree': 0.7}",0.7772142395083572,0.8063661369065053,0.7920273400367127,0.7995203495976747,0.8234689714358889,0.7997194074970277,0.015322603637688224,15
2.0843231678009033,0.02516869744653716,0.01371297836303711,0.00013756182607571824,0.6,0.75,4,6,0.6,"{'subsample': 0.6, 'min_split_loss': 0.75, 'min_child_weight': 4, 'max_depth': 6, 'colsample_bytree': 0.6}",0.7544867065102677,0.7763346099214241,0.7537313061404447,0.7725703152660737,0.7736014271186573,0.7661448729913735,0.009906833341142984,157
2.914996290206909,0.06345774713719714,0.018127298355102538,0.0009101424527192114,0.6,0.75,3,8,0.6,"{'subsample': 0.6, 'min_split_loss': 0.75, 'min_child_weight': 3, 'max_depth': 8, 'colsample_bytree': 0.6}",0.7614200795385448,0.7640065912840529,0.7542082069323353,0.7813482755993344,0.7858884071517364,0.7693743121012008,0.012150589496954524,152
1.2332406044006348,0.003330241329737691,0.009051752090454102,0.00018031030793799356,0.9,0.01,4,3,0.7,"{'subsample': 0.9, 'min_split_loss': 0.01, 'min_child_weight': 4, 'max_depth': 3, 'colsample_bytree': 0.7}",0.7085331931913056,0.7475762382473197,0.7089658873988766,0.7455666361537607,0.7407799470937488,0.7302843804170024,0.017721765700882144,187
5.041589307785034,0.03952331242489026,0.026518869400024413,0.0007853596645704911,0.6,0.1,4,14,0.6,"{'subsample': 0.6, 'min_split_loss': 0.1, 'min_child_weight': 4, 'max_depth': 14, 'colsample_bytree': 0.6}",0.7705831009318012,0.7940665280392516,0.7612560616485188,0.7741919194764609,0.7786406075676202,0.7757476435327305,0.0107986063322385,137
2.451846170425415,0.008316351923267152,0.013629531860351563,0.00024244933367519153,0.9,0.5,4,6,0.7,"{'subsample': 0.9, 'min_split_loss': 0.5, 'min_child_weight': 4, 'max_depth': 6, 'colsample_bytree': 0.7}",0.7667378362616712,0.7911040206029922,0.7858429097759423,0.7947464936529981,0.7832870166824158,0.7843436553952039,0.009666961239093613,102
1.0957746028900146,0.005491906149535812,0.008928155899047852,7.017426330525285e-05,0.9,0.75,6,3,0.6,"{'subsample': 0.9, 'min_split_loss': 0.75, 'min_child_weight': 6, 'max_depth': 3, 'colsample_bytree': 0.6}",0.7022029790730502,0.7506099815611067,0.7164624337551194,0.7454231611871783,0.7433424426281938,0.7316081996409297,0.01888742734235592,184
8.081915044784546,0.04368646137850396,0.02084822654724121,0.0002983717368345772,0.6,0.5,2,14,1,"{'subsample': 0.6, 'min_split_loss': 0.5, 'min_child_weight': 2, 'max_depth': 14, 'colsample_bytree': 1}",0.7503469811837655,0.7688662842690557,0.7684223323158996,0.7946176733385486,0.8041203162872095,0.7772747174788958,0.019471177403666433,131
4.56292872428894,0.054155901546432586,0.017056655883789063,0.0004529469464244196,0.9,0.75,5,8,1,"{'subsample': 0.9, 'min_split_loss': 0.75, 'min_child_weight': 5, 'max_depth': 8, 'colsample_bytree': 1}",0.7743067828435699,0.8037011497974403,0.7847364825156484,0.8085985972195777,0.8081898970527942,0.7959065818858061,0.01388556669536765,44
4.386967754364013,0.037112849236901516,0.022080707550048827,0.00031960368999248015,0.7,0.01,2,10,0.7,"{'subsample': 0.7, 'min_split_loss': 0.01, 'min_child_weight': 2, 'max_depth': 10, 'colsample_bytree': 0.7}",0.7790293150025267,0.7774064273360608,0.7663394302151239,0.8120070159755277,0.7899585853307132,0.7849481547719904,0.015462737989009878,98
6.2341492652893065,0.02436377108229025,0.02728862762451172,0.00028255136191077595,0.7,0.01,2,14,0.7,"{'subsample': 0.7, 'min_split_loss': 0.01, 'min_child_weight': 2, 'max_depth': 14, 'colsample_bytree': 0.7}",0.764957628398586,0.7950762325415137,0.7762029962103365,0.8003541139054132,0.8018572661635268,0.7876896474438753,0.014590131026017856,83
2.9808674335479735,0.024354694351956307,0.017739486694335938,0.0001999753736623325,0.9,0.01,2,8,0.6,"{'subsample': 0.9, 'min_split_loss': 0.01, 'min_child_weight': 2, 'max_depth': 8, 'colsample_bytree': 0.6}",0.7733232407800539,0.7957877614789431,0.7835871018761819,0.8066528208455113,0.8149483365718522,0.7948598523105085,0.015062422519495364,53
6.150115966796875,0.05678978103249814,0.02302403450012207,0.0005672082402958865,0.7,0.1,2,14,0.7,"{'subsample': 0.7, 'min_split_loss': 0.1, 'min_child_weight': 2, 'max_depth': 14, 'colsample_bytree': 0.7}",0.7682242956331014,0.7813741658771334,0.7709933691493447,0.801290283058374,0.8066708712383258,0.7857105969912559,0.015641175657915174,93
6.7408734321594235,0.10798289587367607,0.02829875946044922,0.0011121903513948094,0.8,0.01,5,14,0.8,"{'subsample': 0.8, 'min_split_loss': 0.01, 'min_child_weight': 5, 'max_depth': 14, 'colsample_bytree': 0.8}",0.791748400316359,0.7944910685056198,0.7824205673207508,0.8119746244141899,0.8174008047295882,0.7996070930573016,0.013060485692677445,16
1.376906394958496,0.006783080779430462,0.00898885726928711,0.0001718350697322266,1,0.75,3,3,0.8,"{'subsample': 1, 'min_split_loss': 0.75, 'min_child_weight': 3, 'max_depth': 3, 'colsample_bytree': 0.8}",0.7108537318218339,0.7570950678554291,0.719384042663559,0.7526604950517576,0.7457008484438674,0.7371388371672893,0.01853979792097185,164
4.201579284667969,0.010821694406140359,0.019259119033813478,0.0003429853118814063,0.6,0.75,2,10,0.7,"{'subsample': 0.6, 'min_split_loss': 0.75, 'min_child_weight': 2, 'max_depth': 10, 'colsample_bytree': 0.7}",0.759524838120401,0.7806000403315745,0.756272278512394,0.792497097997856,0.7888950272163635,0.7755578564357177,0.01496150286373729,139
5.064896965026856,0.06357194357214334,0.015055179595947266,0.0009545581179455724,1,0.75,5,10,0.9,"{'subsample': 1, 'min_split_loss': 0.75, 'min_child_weight': 5, 'max_depth': 10, 'colsample_bytree': 0.9}",0.7821346801251392,0.7909229584016179,0.791262274529611,0.8127886833160457,0.8232682101894379,0.8000753613123704,0.015380779008533317,14
2.7918960571289064,0.020283547906466394,0.013740301132202148,0.00024837412678042805,0.9,0.01,5,6,0.8,"{'subsample': 0.9, 'min_split_loss': 0.01, 'min_child_weight': 5, 'max_depth': 6, 'colsample_bytree': 0.8}",0.7731087987779744,0.7830922742961416,0.7655962005356326,0.8185840113928646,0.8003609778112342,0.7881484525627694,0.019161572014688613,81
2.8211474895477293,0.03484280221718527,0.013969898223876953,0.0003873358244779101,0.9,0.1,3,6,0.8,"{'subsample': 0.9, 'min_split_loss': 0.1, 'min_child_weight': 3, 'max_depth': 6, 'colsample_bytree': 0.8}",0.7659455946844844,0.7988459220508848,0.7752967083900807,0.8114455799804335,0.7910119108186983,0.7885091431849164,0.016265762387090994,80
2.7888961315155028,0.012288386957391224,0.01387009620666504,0.00014856348173623434,0.9,0.01,2,6,0.8,"{'subsample': 0.9, 'min_split_loss': 0.01, 'min_child_weight': 2, 'max_depth': 6, 'colsample_bytree': 0.8}",0.777144746949707,0.7927724084114165,0.7747645160597557,0.8095502465748722,0.8110658163304397,0.7930595468652383,0.015389869226107012,63
3.3512508392333986,0.02047541680609309,0.013755559921264648,7.120745167808428e-05,0.7,0.1,1,6,1,"{'subsample': 0.7, 'min_split_loss': 0.1, 'min_child_weight': 1, 'max_depth': 6, 'colsample_bytree': 1}",0.7523857821774234,0.776531524546979,0.7678170512455099,0.7811265826418606,0.7742928018418931,0.7704307484907332,0.009989875027269026,148
1.5360846042633056,0.0268885766574847,0.008944272994995117,0.0001309425571744956,1,0.5,5,3,0.9,"{'subsample': 1, 'min_split_loss': 0.5, 'min_child_weight': 5, 'max_depth': 3, 'colsample_bytree': 0.9}",0.7132533719833901,0.7475077522096725,0.7190528043569103,0.7539714180914117,0.7415869868058717,0.7350744666894513,0.0160433669623993,170
3.8922158241271974,0.06850333021601761,0.01716446876525879,0.00018650923293433,0.9,0.5,1,8,0.8,"{'subsample': 0.9, 'min_split_loss': 0.5, 'min_child_weight': 1, 'max_depth': 8, 'colsample_bytree': 0.8}",0.779836020457076,0.8042297835552016,0.7946000485096628,0.8124892246290739,0.8104501852338736,0.8003210524769775,0.011985894591745537,13
3.0357028961181642,0.014033111355744482,0.013636255264282226,0.0001502470377828148,1,0.5,5,6,0.9,"{'subsample': 1, 'min_split_loss': 0.5, 'min_child_weight': 5, 'max_depth': 6, 'colsample_bytree': 0.9}",0.7686598758778058,0.7905483227248424,0.7825652725702765,0.8130979758862975,0.8022321592439344,0.7914207212606313,0.015388480708805642,69
4.837726306915283,0.016815999527713735,0.022496604919433595,0.00017724291815274197,0.6,0.01,1,10,0.8,"{'subsample': 0.6, 'min_split_loss': 0.01, 'min_child_weight': 1, 'max_depth': 10, 'colsample_bytree': 0.8}",0.7487491862000106,0.7671270490345734,0.7614370275152114,0.7890245332703835,0.7853180318138143,0.7703311655667987,0.015027987515489899,150
5.2583513259887695,0.053637305862973016,0.017148971557617188,0.0005097044851947989,0.9,0.75,3,14,0.6,"{'subsample': 0.9, 'min_split_loss': 0.75, 'min_child_weight': 3, 'max_depth': 14, 'colsample_bytree': 0.6}",0.7836608347199341,0.800968943218215,0.7930089261557915,0.7994855793816911,0.8041544567051709,0.7962557480361605,0.007269240837236227,41
5.844113779067993,0.05360460531258031,0.024912023544311525,0.00035632230872730805,0.8,0.1,6,14,0.7,"{'subsample': 0.8, 'min_split_loss': 0.1, 'min_child_weight': 6, 'max_depth': 14, 'colsample_bytree': 0.7}",0.7838018923867793,0.8014891429815504,0.7882775587004349,0.8179735338374572,0.8032473236236428,0.7989578903059729,0.012084493645508598,23
3.385364294052124,0.01646344461578335,0.013857746124267578,0.00030036515741059636,1,0.01,6,6,1,"{'subsample': 1, 'min_split_loss': 0.01, 'min_child_weight': 6, 'max_depth': 6, 'colsample_bytree': 1}",0.764686364800602,0.7945564358385582,0.775406531056978,0.7966444007140764,0.812292212292095,0.7887171889404618,0.01677720679375879,78
1.1175063610076905,0.01557044174201509,0.009122037887573242,0.000229276703920664,0.8,0.75,6,3,0.6,"{'subsample': 0.8, 'min_split_loss': 0.75, 'min_child_weight': 6, 'max_depth': 3, 'colsample_bytree': 0.6}",0.7159675797984562,0.7491116878546131,0.7242532224807962,0.7458427646005272,0.7396567979845567,0.7349664105437899,0.012775849484672327,171
5.363995313644409,0.07002834949540052,0.019436359405517578,0.00030986418059130187,1,0.1,4,10,0.9,"{'subsample': 1, 'min_split_loss': 0.1, 'min_child_weight': 4, 'max_depth': 10, 'colsample_bytree': 0.9}",0.7832125077269931,0.796390915515881,0.7985216461567932,0.8171881452877578,0.8210088967633342,0.8032644222901517,0.014003961831701788,7
4.151697826385498,0.04004032824203768,0.017526578903198243,0.00028406376179127864,0.8,0.01,6,8,0.9,"{'subsample': 0.8, 'min_split_loss': 0.01, 'min_child_weight': 6, 'max_depth': 8, 'colsample_bytree': 0.9}",0.7715168501438875,0.7869873264792369,0.7776617734507822,0.7901628108186471,0.7971784830034943,0.7847014487792096,0.009100755629325163,100
1.2296817779541016,0.014368326328178098,0.008833980560302735,6.201094453011071e-05,0.7,0.01,4,3,0.7,"{'subsample': 0.7, 'min_split_loss': 0.01, 'min_child_weight': 4, 'max_depth': 3, 'colsample_bytree': 0.7}",0.7156470031610205,0.7399666320790989,0.7209880029076601,0.7332943854547183,0.7429158503153672,0.730562374783573,0.010608008321635675,186
1.678914976119995,0.017978928876289747,0.009188032150268555,0.00023228321342559695,0.8,0.75,3,3,1,"{'subsample': 0.8, 'min_split_loss': 0.75, 'min_child_weight': 3, 'max_depth': 3, 'colsample_bytree': 1}",0.7243510940124611,0.7386307457394314,0.7267441095391158,0.7452618872491371,0.7495274564173449,0.7369030585914981,0.009929616311987521,166
4.918147611618042,0.05948663830552076,0.021410083770751952,0.00015508461314045602,1,0.01,3,10,0.8,"{'subsample': 1, 'min_split_loss': 0.01, 'min_child_weight': 3, 'max_depth': 10, 'colsample_bytree': 0.8}",0.7849392074782283,0.80497741289934,0.788237573461104,0.800869357282025,0.8104893983721873,0.797902589898577,0.009785135699251097,32
4.225380229949951,0.0726717443009297,0.014715147018432618,0.0006862561194687672,1,0.75,1,10,0.7,"{'subsample': 1, 'min_split_loss': 0.75, 'min_child_weight': 1, 'max_depth': 10, 'colsample_bytree': 0.7}",0.7811582999956224,0.8052801469866668,0.7901532633971394,0.8107987523395768,0.8100104755455042,0.7994801876529019,0.011792535616563214,19
4.561309719085694,0.018596160781144865,0.017099761962890626,0.0002531951698985673,0.8,0.75,4,8,1,"{'subsample': 0.8, 'min_split_loss': 0.75, 'min_child_weight': 4, 'max_depth': 8, 'colsample_bytree': 1}",0.7670148952871481,0.7912985482587367,0.7813024121873438,0.8033660566948443,0.8122645914257507,0.7910493007707646,0.015965635861986013,73
7.285411596298218,0.10281035877082051,0.024937534332275392,0.0003304107721940019,0.6,0.1,3,14,0.9,"{'subsample': 0.6, 'min_split_loss': 0.1, 'min_child_weight': 3, 'max_depth': 14, 'colsample_bytree': 0.9}",0.7608563061812068,0.7833224307322401,0.7596934448412914,0.7998185669385602,0.8087042229462816,0.782478994327916,0.01987891690948349,112
5.884643793106079,0.16819799213104308,0.013080358505249023,0.0009737281674230644,1,0.75,1,14,0.7,"{'subsample': 1, 'min_split_loss': 0.75, 'min_child_weight': 1, 'max_depth': 14, 'colsample_bytree': 0.7}",0.7724539390497349,0.7897092341917635,0.7713397011665528,0.8005158850918604,0.8171285322318406,0.7902294583463505,0.01733455160559328,74
6.860649871826172,0.056918468005796925,0.02644214630126953,0.000278992103554669,0.6,0.1,6,14,0.9,"{'subsample': 0.6, 'min_split_loss': 0.1, 'min_child_weight': 6, 'max_depth': 14, 'colsample_bytree': 0.9}",0.7597412817360087,0.7754490087954804,0.7708273637541588,0.7931824548741291,0.7936418713714608,0.7785683961062475,0.013152146325393455,125
4.609987688064575,0.044227189709598796,0.017599868774414062,0.00022341453854897116,0.8,0.1,4,8,1,"{'subsample': 0.8, 'min_split_loss': 0.1, 'min_child_weight': 4, 'max_depth': 8, 'colsample_bytree': 1}",0.7747521873802762,0.7889925125854418,0.7824124399563377,0.8075919412755903,0.8078909285631347,0.7923280019521562,0.01336821338280981,68
6.713663816452026,0.14571203903048496,0.015853404998779297,0.0009066921955817886,1,0.1,2,14,0.8,"{'subsample': 1, 'min_split_loss': 0.1, 'min_child_weight': 2, 'max_depth': 14, 'colsample_bytree': 0.8}",0.7839463820847997,0.7946297048154806,0.7768422677041089,0.8026388117745806,0.8231967698535138,0.7962507872464967,0.016109685046503303,42
5.157854413986206,0.05993958294310404,0.019217300415039062,0.001517035288411757,1,0.1,3,14,0.6,"{'subsample': 1, 'min_split_loss': 0.1, 'min_child_weight': 3, 'max_depth': 14, 'colsample_bytree': 0.6}",0.7651231762156969,0.812379965102452,0.7826632014907269,0.7998819155592565,0.8109746238241139,0.7942045764384493,0.01801523020389947,55
2.166673707962036,0.03450358623032145,0.013905572891235351,0.00016216420644359113,1,0.01,6,6,0.6,"{'subsample': 1, 'min_split_loss': 0.01, 'min_child_weight': 6, 'max_depth': 6, 'colsample_bytree': 0.6}",0.7665791980856657,0.7841557440270213,0.752837146590446,0.793955003408509,0.8097009476392301,0.7814456079501744,0.020008239487084266,114
5.30378565788269,0.049814398286186196,0.019617128372192382,0.000286688577442096,0.7,0.5,4,10,0.9,"{'subsample': 0.7, 'min_split_loss': 0.5, 'min_child_weight': 4, 'max_depth': 10, 'colsample_bytree': 0.9}",0.7642663681640712,0.7994871080228334,0.7863487147558557,0.8066826519417891,0.8103962013680098,0.7934362088505119,0.016738190820824988,59
6.803986310958862,0.09437596777722122,0.01634383201599121,0.0006179387724277224,0.9,0.75,3,14,0.8,"{'subsample': 0.9, 'min_split_loss': 0.75, 'min_child_weight': 3, 'max_depth': 14, 'colsample_bytree': 0.8}",0.7965441816200751,0.802101780443529,0.7920827348550159,0.8117977934473888,0.8194520479286355,0.8043957076589289,0.01000002118812915,5
8.095371389389038,0.10633789968377903,0.01859288215637207,0.0001777779386096356,0.8,0.75,5,14,1,"{'subsample': 0.8, 'min_split_loss': 0.75, 'min_child_weight': 5, 'max_depth': 14, 'colsample_bytree': 1}",0.7874195917486931,0.7999829424476245,0.7872124555267285,0.7973789405799345,0.809932019851452,0.7963851900308865,0.008508454285411426,39
5.400298309326172,0.07434735131550274,0.027127838134765624,0.0005674067778122599,0.7,0.01,2,14,0.6,"{'subsample': 0.7, 'min_split_loss': 0.01, 'min_child_weight': 2, 'max_depth': 14, 'colsample_bytree': 0.6}",0.7756957651569019,0.782063062913672,0.7671313740053443,0.7965488393081661,0.8031075291173405,0.784909314100285,0.013234042170407337,99
1.658146286010742,0.01167365921958589,0.008888769149780273,0.00025936739212021324,1,0.01,3,3,1,"{'subsample': 1, 'min_split_loss': 0.01, 'min_child_weight': 3, 'max_depth': 3, 'colsample_bytree': 1}",0.712176752075137,0.7533059147213196,0.725241776476658,0.7519829789043255,0.7500823515931225,0.7385579547541126,0.016756096071801847,160
3.3196599960327147,0.018823437930314806,0.017266082763671874,0.00039377299137994913,0.9,0.5,6,8,0.7,"{'subsample': 0.9, 'min_split_loss': 0.5, 'min_child_weight': 6, 'max_depth': 8, 'colsample_bytree': 0.7}",0.7732000906755193,0.8015456245798505,0.7819162552064371,0.8140091658215497,0.8082506913070311,0.7957843655180776,0.015640451940622833,46
4.070230388641358,0.01154011683974437,0.017737483978271483,0.00015505792734052257,0.6,0.5,2,8,0.9,"{'subsample': 0.6, 'min_split_loss': 0.5, 'min_child_weight': 2, 'max_depth': 8, 'colsample_bytree': 0.9}",0.7559514440325474,0.7763349898589083,0.7688016199470092,0.7857228616438431,0.7956668945693647,0.7764955620103345,0.013667233531262509,135
7.369824409484863,0.10230212520156116,0.019022703170776367,0.0006528494364157189,0.9,0.5,5,14,0.9,"{'subsample': 0.9, 'min_split_loss': 0.5, 'min_child_weight': 5, 'max_depth': 14, 'colsample_bytree': 0.9}",0.7947148233349097,0.8002461405280811,0.7883391031196999,0.816031761892225,0.8158273951416191,0.8030318448033069,0.011185111580802579,8
1.2278264999389648,0.010949722971909248,0.008968591690063477,0.0002086523569751951,0.7,0.75,6,3,0.7,"{'subsample': 0.7, 'min_split_loss': 0.75, 'min_child_weight': 6, 'max_depth': 3, 'colsample_bytree': 0.7}",0.7057438846830394,0.7412827913428588,0.7200398580254278,0.7356430998265406,0.7333679066046035,0.7272155080964939,0.01280066665182715,197
6.964053297042847,0.21567839673823352,0.015342235565185547,0.0009446066716939631,1,0.75,6,14,0.9,"{'subsample': 1, 'min_split_loss': 0.75, 'min_child_weight': 6, 'max_depth': 14, 'colsample_bytree': 0.9}",0.7975618522663784,0.7949736689875778,0.7894850848883183,0.8156400266380073,0.8258335842532549,0.8046988434067073,0.013735798989699047,4
3.0746766567230224,0.022524628435086735,0.014503908157348634,0.0013793029618937927,0.8,0.01,2,6,0.9,"{'subsample': 0.8, 'min_split_loss': 0.01, 'min_child_weight': 2, 'max_depth': 6, 'colsample_bytree': 0.9}",0.7492654694832687,0.7920528155379672,0.7748445713558838,0.7989643590743456,0.7985309061063015,0.7827316243115534,0.0188795800393158,110
5.422706747055054,0.048173176980876455,0.017374467849731446,0.000363773827059394,0.9,0.5,2,10,0.9,"{'subsample': 0.9, 'min_split_loss': 0.5, 'min_child_weight': 2, 'max_depth': 10, 'colsample_bytree': 0.9}",0.7886129541870861,0.7988759488320107,0.7771250464532403,0.8031098137332979,0.8233900258637726,0.7982227578138816,0.015460679839924486,31
6.748485279083252,0.05227176570335936,0.027259397506713866,0.0009470465596087558,0.9,0.01,5,14,0.8,"{'subsample': 0.9, 'min_split_loss': 0.01, 'min_child_weight': 5, 'max_depth': 14, 'colsample_bytree': 0.8}",0.7882158401506031,0.8072577149508331,0.7942354776174521,0.8190467024985056,0.817772299549813,0.8053056069534413,0.012350342097249112,3
5.773159980773926,0.056961288675704075,0.01796870231628418,0.00045691979627724056,0.8,0.75,6,10,1,"{'subsample': 0.8, 'min_split_loss': 0.75, 'min_child_weight': 6, 'max_depth': 10, 'colsample_bytree': 1}",0.7748482947212584,0.7894321248011011,0.7812362996583401,0.8056982141130525,0.8133776149602008,0.7929185096507906,0.014539995965829135,64
3.407851505279541,0.016399801811543137,0.01735544204711914,0.00027043633513747776,0.8,0.5,1,8,0.7,"{'subsample': 0.8, 'min_split_loss': 0.5, 'min_child_weight': 1, 'max_depth': 8, 'colsample_bytree': 0.7}",0.7800168509382712,0.7893508435898882,0.7813496985455182,0.7980869120119686,0.8074966665416636,0.791260194325462,0.010377894022938918,71
8.456365203857422,0.0645589747052392,0.024833059310913085,0.0002772833536216495,0.9,0.01,3,14,1,"{'subsample': 0.9, 'min_split_loss': 0.01, 'min_child_weight': 3, 'max_depth': 14, 'colsample_bytree': 1}",0.7858114407398028,0.7993094254910076,0.7896823522919535,0.7985318833324322,0.824406199526557,0.7995482602763506,0.013453947816533583,18
5.292601442337036,0.0582667164998955,0.021636152267456056,0.0010522947441387244,0.8,0.01,6,10,0.9,"{'subsample': 0.8, 'min_split_loss': 0.01, 'min_child_weight': 6, 'max_depth': 10, 'colsample_bytree': 0.9}",0.7833457662581604,0.7892206383013254,0.7875545832605121,0.8036966479036168,0.8178401661136098,0.796331560367445,0.01275222352356017,40
3.0399693489074706,0.04081509182127455,0.013663482666015626,0.00027764677937680706,0.7,0.1,6,6,0.9,"{'subsample': 0.7, 'min_split_loss': 0.1, 'min_child_weight': 6, 'max_depth': 6, 'colsample_bytree': 0.9}",0.755398114720663,0.781633790301714,0.7567688895557074,0.7947214176163223,0.7900164067924063,0.7757077237973625,0.01656826417696823,138
3.636385202407837,0.050943121907816934,0.015390777587890625,0.000646130793879511,1,0.75,2,10,0.6,"{'subsample': 1, 'min_split_loss': 0.75, 'min_child_weight': 2, 'max_depth': 10, 'colsample_bytree': 0.6}",0.773772764992747,0.8134739104045223,0.789460053162542,0.8102192040359337,0.8081522896658047,0.79901564445231,0.01514299690122863,22
3.336074447631836,0.023656202585864698,0.017833900451660157,0.0006472516589929701,0.7,0.75,3,8,0.7,"{'subsample': 0.7, 'min_split_loss': 0.75, 'min_child_weight': 3, 'max_depth': 8, 'colsample_bytree': 0.7}",0.7666793062004669,0.7781239769364755,0.773669122966139,0.7949328980891059,0.7997923842130582,0.7826395376810491,0.012656496135836444,111
3.819743537902832,0.026078259900686438,0.016960620880126953,0.00039923106709160777,0.8,0.75,2,8,0.8,"{'subsample': 0.8, 'min_split_loss': 0.75, 'min_child_weight': 2, 'max_depth': 8, 'colsample_bytree': 0.8}",0.7728505324109208,0.7944500239874153,0.7874277907617684,0.8092737491379918,0.802577518092962,0.7933159228782116,0.012611247812841356,60
3.644419002532959,0.02307441249979232,0.020160675048828125,0.00042952246165144336,0.6,0.5,3,10,0.6,"{'subsample': 0.6, 'min_split_loss': 0.5, 'min_child_weight': 3, 'max_depth': 10, 'colsample_bytree': 0.6}",0.7605707123710066,0.7745619558225292,0.7609246374151637,0.7766706962627963,0.776013085235424,0.7697482174213839,0.0073813755155489585,151
5.156913805007934,0.06069335631635826,0.0178586483001709,0.0006109448916677199,0.9,0.75,5,14,0.6,"{'subsample': 0.9, 'min_split_loss': 0.75, 'min_child_weight': 5, 'max_depth': 14, 'colsample_bytree': 0.6}",0.789764247671514,0.8026051836537886,0.7930058394656773,0.8021043492075506,0.8095128422312242,0.799398492445951,0.007121647076281487,20
4.354236745834351,0.07443999871536752,0.01926083564758301,0.0006385162992525563,0.7,0.5,1,10,0.7,"{'subsample': 0.7, 'min_split_loss': 0.5, 'min_child_weight': 1, 'max_depth': 10, 'colsample_bytree': 0.7}",0.7699649771898237,0.7962322402305205,0.7646698572902213,0.8071759118503745,0.7914141701196716,0.7858914313361224,0.01609017855515083,92
4.097152423858643,0.024591765430612065,0.016283512115478516,0.0007993592933084689,1,0.75,5,10,0.7,"{'subsample': 1, 'min_split_loss': 0.75, 'min_child_weight': 5, 'max_depth': 10, 'colsample_bytree': 0.7}",0.775456755331843,0.800395042523565,0.7863966684573213,0.8108967868189481,0.8125390083478705,0.7971368522959096,0.014300742399923544,36
5.796829652786255,0.05906412449322445,0.02002577781677246,0.0005107439818473828,0.8,0.75,6,14,0.7,"{'subsample': 0.8, 'min_split_loss': 0.75, 'min_child_weight': 6, 'max_depth': 14, 'colsample_bytree': 0.7}",0.7812616488658068,0.8006426501022819,0.787997828851917,0.8188317598372415,0.8092709023911288,0.7996009580096752,0.013677569607304688,17
1.1102070331573486,0.007672360898079978,0.008984231948852539,0.00014135383752122857,0.9,0.5,2,3,0.6,"{'subsample': 0.9, 'min_split_loss': 0.5, 'min_child_weight': 2, 'max_depth': 3, 'colsample_bytree': 0.6}",0.6959910847120234,0.7377279443090612,0.7201883418990351,0.7384507178123348,0.7443455579414047,0.7273407293347718,0.01763205682181262,196
2.487829637527466,0.03213020688394176,0.014061737060546874,0.0005015230421610699,0.9,0.1,1,6,0.7,"{'subsample': 0.9, 'min_split_loss': 0.1, 'min_child_weight': 1, 'max_depth': 6, 'colsample_bytree': 0.7}",0.7762765695792915,0.7818493352590031,0.7867386465562477,0.7956284233376176,0.7874961411052626,0.7855978231674845,0.00642580670150832,94
7.771652889251709,0.06015076338614745,0.022556018829345704,0.0007307366078403463,0.6,0.5,4,14,1,"{'subsample': 0.6, 'min_split_loss': 0.5, 'min_child_weight': 4, 'max_depth': 14, 'colsample_bytree': 1}",0.7662801077505877,0.7811108747762011,0.7691175974826524,0.7949950529748777,0.8090577918713485,0.7841122849711335,0.016078237555107837,105
5.909730863571167,0.0349269081048994,0.021345186233520507,0.0005012009579498973,1,0.01,3,10,1,"{'subsample': 1, 'min_split_loss': 0.01, 'min_child_weight': 3, 'max_depth': 10, 'colsample_bytree': 1}",0.7737629637575124,0.7962350794941261,0.7923541410295556,0.8147239388954496,0.814111452285181,0.798237515092365,0.015240810697248022,29
6.696569538116455,0.13190237679923103,0.02457737922668457,0.0005459669686634977,0.7,0.1,4,14,0.8,"{'subsample': 0.7, 'min_split_loss': 0.1, 'min_child_weight': 4, 'max_depth': 14, 'colsample_bytree': 0.8}",0.7815330188683884,0.7945645008222189,0.7891161071546932,0.804165798214294,0.8005946900920139,0.7939948230303217,0.008079974576408742,56
3.623505687713623,0.035589435573303956,0.01964254379272461,0.0001294060320455281,0.8,0.5,6,10,0.6,"{'subsample': 0.8, 'min_split_loss': 0.5, 'min_child_weight': 6, 'max_depth': 10, 'colsample_bytree': 0.6}",0.7754554293885684,0.78137322076731,0.7816421718331406,0.7988789004212871,0.7961844820075589,0.786706840883573,0.009150708731346007,87
1.4822497367858887,0.013549376271503846,0.008946514129638672,0.0003790802205510153,0.6,0.75,4,3,0.9,"{'subsample': 0.6, 'min_split_loss': 0.75, 'min_child_weight': 4, 'max_depth': 3, 'colsample_bytree': 0.9}",0.7134961495186842,0.7288111108475899,0.7254236801760277,0.731053548246289,0.7331367257931293,0.726384242916344,0.006932730449485628,198
8.10331587791443,0.09329910738540743,0.020168304443359375,0.0010850375836901059,0.7,0.75,4,14,1,"{'subsample': 0.7, 'min_split_loss': 0.75, 'min_child_weight': 4, 'max_depth': 14, 'colsample_bytree': 1}",0.7801448255060933,0.7883311202281911,0.7831863612945396,0.7962883658764688,0.8292583470462846,0.7954418039903155,0.01777093414125688,49
2.8821972846984862,0.02662792473855747,0.01703023910522461,0.0002903728054685735,0.8,0.5,6,8,0.6,"{'subsample': 0.8, 'min_split_loss': 0.5, 'min_child_weight': 6, 'max_depth': 8, 'colsample_bytree': 0.6}",0.7656764274921193,0.7892738899089426,0.7843074246732894,0.794597230216738,0.8001353328039367,0.7867980610190053,0.01180818580293276,86
3.31874566078186,0.02330613458867407,0.01358203887939453,0.00018194005303116302,0.7,0.5,2,6,1,"{'subsample': 0.7, 'min_split_loss': 0.5, 'min_child_weight': 2, 'max_depth': 6, 'colsample_bytree': 1}",0.7577731014419872,0.7784419276488066,0.7660341270491503,0.7826893222017461,0.7927067740731792,0.7755290504829738,0.012330902883176611,140
4.183438777923584,0.012960190778623459,0.01693253517150879,0.0001799470855514934,0.9,0.5,4,8,0.9,"{'subsample': 0.9, 'min_split_loss': 0.5, 'min_child_weight': 4, 'max_depth': 8, 'colsample_bytree': 0.9}",0.7693699201858776,0.7951359559238759,0.7795964605534166,0.8124809877462,0.805777168941592,0.7924720986701924,0.016024789421931075,67
3.51820068359375,0.014691303965949367,0.02116880416870117,0.00022049770001743025,0.6,0.1,6,10,0.6,"{'subsample': 0.6, 'min_split_loss': 0.1, 'min_child_weight': 6, 'max_depth': 10, 'colsample_bytree': 0.6}",0.7602377171459345,0.7810839922908149,0.7723984175223997,0.7747185061292949,0.772715148258612,0.7722307562694112,0.006762609270514323,144
3.01965217590332,0.027218447826112466,0.013786411285400391,6.958777924634232e-05,0.7,0.5,2,6,0.9,"{'subsample': 0.7, 'min_split_loss': 0.5, 'min_child_weight': 2, 'max_depth': 6, 'colsample_bytree': 0.9}",0.7628026211455489,0.7759664032484653,0.7607286885283437,0.7993975136483553,0.7878724979417556,0.7773535449024938,0.0147419423735178,130
3.290519952774048,0.0173221530160382,0.016848325729370117,0.00048476089618378624,1,0.5,5,8,0.7,"{'subsample': 1, 'min_split_loss': 0.5, 'min_child_weight': 5, 'max_depth': 8, 'colsample_bytree': 0.7}",0.7762616281442054,0.8034379888217476,0.7790797554590152,0.800682518847244,0.8068367722601941,0.7932597327064813,0.012907656395575893,61
4.067592668533325,0.07778527526396531,0.01994004249572754,0.00013237214224115604,0.6,0.75,5,10,0.7,"{'subsample': 0.6, 'min_split_loss': 0.75, 'min_child_weight': 5, 'max_depth': 10, 'colsample_bytree': 0.7}",0.7539742574767327,0.7753984465714429,0.7634327132192609,0.7948349398512413,0.7811360547488074,0.7737552823734971,0.014137695206270172,142
2.4659110069274903,0.007507249855832832,0.013843202590942382,0.00020201607882169837,0.9,0.01,2,6,0.7,"{'subsample': 0.9, 'min_split_loss': 0.01, 'min_child_weight': 2, 'max_depth': 6, 'colsample_bytree': 0.7}",0.7639851793463374,0.7891175463161405,0.7872408972960707,0.7992532388618581,0.7913865851319288,0.786196689390467,0.011835383015998915,89
6.034031581878662,0.03873391375030843,0.022145509719848633,0.0006101850379333409,0.9,0.01,3,10,1,"{'subsample': 0.9, 'min_split_loss': 0.01, 'min_child_weight': 3, 'max_depth': 10, 'colsample_bytree': 1}",0.7812795142245621,0.7919999791059843,0.7723493871400324,0.8103973478592037,0.8294850781014566,0.7971022612862477,0.020564549780596967,37
8.48825969696045,0.07180952736763904,0.015820932388305665,0.0010092904229954845,0.9,0.75,2,14,1,"{'subsample': 0.9, 'min_split_loss': 0.75, 'min_child_weight': 2, 'max_depth': 14, 'colsample_bytree': 1}",0.7706652405694303,0.801730795406667,0.7824639518873281,0.7952596360892323,0.8152834605830417,0.7930806169071399,0.015412349934193596,62
3.65214204788208,0.017354895513852414,0.021582651138305663,0.0001760152122382769,0.7,0.1,5,10,0.6,"{'subsample': 0.7, 'min_split_loss': 0.1, 'min_child_weight': 5, 'max_depth': 10, 'colsample_bytree': 0.6}",0.765977506419509,0.783847665899671,0.7722425036518006,0.8066893124059611,0.7871149725758946,0.7831743921905673,0.01402976843175808,108
1.5334730625152588,0.012418556271785213,0.00884385108947754,6.893116133351353e-05,0.9,0.75,5,3,0.9,"{'subsample': 0.9, 'min_split_loss': 0.75, 'min_child_weight': 5, 'max_depth': 3, 'colsample_bytree': 0.9}",0.7147371887903712,0.7451105053620869,0.7298764040481442,0.7444543286042379,0.7468124640914949,0.736198178179267,0.012335279119623758,168
1.6720147609710694,0.016358599773830203,0.009179496765136718,0.0002661486835073035,1,0.75,2,3,1,"{'subsample': 1, 'min_split_loss': 0.75, 'min_child_weight': 2, 'max_depth': 3, 'colsample_bytree': 1}",0.714192997742216,0.7456454116507529,0.7246043631869468,0.7474420367676666,0.7369136748951589,0.7337596968485481,0.012689366161579119,173
1.525261116027832,0.015778479022919192,0.009127664566040038,0.00014068873285470913,0.8,0.1,4,3,0.9,"{'subsample': 0.8, 'min_split_loss': 0.1, 'min_child_weight': 4, 'max_depth': 3, 'colsample_bytree': 0.9}",0.7056699794674,0.7472563096433672,0.7260025295567865,0.7392088679764223,0.7457294571706283,0.7327734287629208,0.01548850818086556,178
5.428486299514771,0.04822836622583449,0.020246124267578124,0.000268768730195191,0.9,0.1,3,10,0.9,"{'subsample': 0.9, 'min_split_loss': 0.1, 'min_child_weight': 3, 'max_depth': 10, 'colsample_bytree': 0.9}",0.8033607095635187,0.783409458402354,0.774011652373405,0.8068351090595224,0.8265645209858525,0.7988362900769305,0.01848002185481613,24
1.1116049766540528,0.010666035819750596,0.008996391296386718,6.98195446828333e-05,0.9,0.01,2,3,0.6,"{'subsample': 0.9, 'min_split_loss': 0.01, 'min_child_weight': 2, 'max_depth': 3, 'colsample_bytree': 0.6}",0.6959903950648252,0.7426145911366264,0.7201883418990351,0.7378759055809688,0.7444590109438087,0.7282256489250528,0.01826144052143114,192
4.7936008930206295,0.06665279979911931,0.017529392242431642,0.00047588708165247887,0.8,0.75,4,10,0.8,"{'subsample': 0.8, 'min_split_loss': 0.75, 'min_child_weight': 4, 'max_depth': 10, 'colsample_bytree': 0.8}",0.7866988815008312,0.7952381174579264,0.7898171115681372,0.803729056012696,0.8113735738838349,0.7973713480846851,0.009077460907837983,34
3.2832947731018067,0.015597372376902893,0.013878440856933594,9.504796402133609e-05,0.7,0.75,5,6,1,"{'subsample': 0.7, 'min_split_loss': 0.75, 'min_child_weight': 5, 'max_depth': 6, 'colsample_bytree': 1}",0.7577875357258039,0.7956101948200299,0.7546227658405877,0.7877292057012605,0.783401695505218,0.7758302795185801,0.016525465643364594,136
3.35538763999939,0.043573282583973805,0.018378019332885742,0.00829332320334382,0.7,0.01,1,6,1,"{'subsample': 0.7, 'min_split_loss': 0.01, 'min_child_weight': 1, 'max_depth': 6, 'colsample_bytree': 1}",0.7472033950639647,0.7729835266177799,0.7581300278826018,0.7784721054039632,0.7877994395262858,0.768917698898919,0.01450670606867903,155
2.130165195465088,0.03147258931109299,0.013805818557739259,0.0005716337973074772,0.8,0.1,6,6,0.6,"{'subsample': 0.8, 'min_split_loss': 0.1, 'min_child_weight': 6, 'max_depth': 6, 'colsample_bytree': 0.6}",0.7450857090112261,0.7819123058208739,0.7692699544870213,0.8047511084150172,0.803461363296287,0.780896088206085,0.022346528010582758,117
4.139071273803711,0.12738134278832142,0.015665054321289062,0.0009351701364894387,1,0.75,3,8,0.9,"{'subsample': 1, 'min_split_loss': 0.75, 'min_child_weight': 3, 'max_depth': 8, 'colsample_bytree': 0.9}",0.7865547952382212,0.8065463494962525,0.7837188122489752,0.8032225900879593,0.8119916821869648,0.7984068458516745,0.011226754876133293,28
2.4191338062286376,0.05274092439667194,0.01380782127380371,0.00019333523553113902,0.7,0.5,6,6,0.7,"{'subsample': 0.7, 'min_split_loss': 0.5, 'min_child_weight': 6, 'max_depth': 6, 'colsample_bytree': 0.7}",0.7596016073085724,0.765345684589411,0.7741375764565758,0.7780561205172039,0.7944155944565336,0.7743113166656593,0.011958209188135666,141
2.1526073932647707,0.01919069542822323,0.013459157943725587,0.00029426576468744833,0.9,0.75,1,6,0.6,"{'subsample': 0.9, 'min_split_loss': 0.75, 'min_child_weight': 1, 'max_depth': 6, 'colsample_bytree': 0.6}",0.7609117181677539,0.804137077434608,0.7750083627547897,0.7901135647393427,0.7968998293686951,0.7854141104930379,0.015576924696826783,95
3.0360561847686767,0.013785669452670898,0.013774585723876954,0.00016764718359404298,0.8,0.5,2,6,0.9,"{'subsample': 0.8, 'min_split_loss': 0.5, 'min_child_weight': 2, 'max_depth': 6, 'colsample_bytree': 0.9}",0.7487587651339218,0.7998160274965141,0.7722827343183789,0.805902689310991,0.7991208714703169,0.7851762175460244,0.021590909152733852,97
1.3754802703857423,0.014092753132628873,0.009225797653198243,0.00025950761775212356,0.7,0.75,2,3,0.8,"{'subsample': 0.7, 'min_split_loss': 0.75, 'min_child_weight': 2, 'max_depth': 3, 'colsample_bytree': 0.8}",0.7062331240953847,0.745773936258036,0.7135629716989991,0.7448490913934072,0.7305474708417572,0.7281933188575168,0.016051991219068,193
4.226455020904541,0.044295250890103714,0.02165846824645996,0.0002074605756348469,0.7,0.01,5,10,0.7,"{'subsample': 0.7, 'min_split_loss': 0.01, 'min_child_weight': 5, 'max_depth': 10, 'colsample_bytree': 0.7}",0.757611435842134,0.7970264824623695,0.7724546622066211,0.7938850603922272,0.7976037439494655,0.7837162769705636,0.01601070993449629,107
1.2417494297027587,0.00807143267253813,0.009176111221313477,0.00040767294836583214,0.9,0.01,5,3,0.7,"{'subsample': 0.9, 'min_split_loss': 0.01, 'min_child_weight': 5, 'max_depth': 3, 'colsample_bytree': 0.7}",0.7055579928504407,0.7490455389404376,0.7185754370022033,0.7442630488485096,0.7433312726472339,0.7321546580577649,0.01702121936197201,182
2.9978541851043703,0.055187760480596496,0.017486715316772462,0.0004075760581958188,0.8,0.5,1,8,0.6,"{'subsample': 0.8, 'min_split_loss': 0.5, 'min_child_weight': 1, 'max_depth': 8, 'colsample_bytree': 0.6}",0.7678013463432909,0.779005048214602,0.7702963851694077,0.7952840538310447,0.7968174354993712,0.7818408538115433,0.012193784854429056,113
2.8442672729492187,0.41161772667356833,0.01360163688659668,0.0031026177659537802,0.7,0.1,3,8,0.7,"{'subsample': 0.7, 'min_split_loss': 0.1, 'min_child_weight': 3, 'max_depth': 8, 'colsample_bytree': 0.7}",0.7678880784285902,0.7837810464827459,0.7638532039146914,0.7951778587886483,0.7962697845995732,0.7813939944428497,0.013469010106673647,115
1.3722001552581786,0.1551504956211897,0.005964136123657227,0.0002675219053199044,0.8,0.75,5,3,1,"{'subsample': 0.8, 'min_split_loss': 0.75, 'min_child_weight': 5, 'max_depth': 3, 'colsample_bytree': 1}",0.7127239976969018,0.7387204484057217,0.7232263652601425,0.7489380182371814,0.7416571863554604,0.7330532031910816,0.013178140107087266,175
